{
  "metadata": {
    "timestamp": "20251206_165621",
    "test_date": "2025-12-06T16:56:21.202550",
    "monitor_width": 1512,
    "monitor_height": 982,
    "tests_run": [
      "saccade",
      "smooth_pursuit",
      "fixed_point",
      "plr"
    ],
    "test_order": "saccade \u2192 smooth_pursuit \u2192 fixed_point \u2192 plr"
  },
  "results": {
    "saccade": {
      "normal": {
        "total_saccades": 11,
        "valid_saccades": 11,
        "average_latency_ms": 268.1991521661932,
        "std_latency_ms": 103.91350288506058,
        "average_velocity_deg_per_ms": 0.20606933281069528,
        "std_velocity_deg_per_ms": 0.15228668741756904,
        "average_accuracy_percent": 24.48337187036707,
        "std_accuracy_percent": 18.452480066265583
      },
      "antisaccade": {
        "total_trials": 12,
        "error_count": 6,
        "correct_count": 6,
        "error_rate_percent": 50.0
      }
    },
    "smooth_pursuit": {
      "total_measurements": 408,
      "horizontal_measurements": 408,
      "vertical_measurements": 0,
      "average_gain": 0.6617075547904935,
      "std_gain": 0.9086933492173899,
      "average_gain_horizontal": 0.6617075547904935,
      "average_gain_vertical": 0.0,
      "average_latency_ms": 469.183837890625,
      "std_latency_ms": 0.0,
      "average_latency_horizontal_ms": 469.183837890625,
      "average_latency_vertical_ms": 0.0
    },
    "fixed_point": {
      "total_measurements": 540,
      "average_deviation_degrees": 20.145856465780245,
      "median_deviation_degrees": 22.162858392057622,
      "rms_deviation_degrees": 21.479942849277318,
      "std_deviation_degrees": 7.452007250962661,
      "max_deviation_degrees": 30.791280231270413,
      "min_deviation_degrees": 0.7885725394265272
    },
    "plr": {
      "baseline_samples_count": 26,
      "response_samples_count": 67,
      "baseline_diameter_pixels": 85.41453824724469,
      "min_response_diameter_pixels": 53.23336982727051,
      "constriction_amplitude_pixels": 32.181168419974185,
      "constriction_amplitude_percent": 37.67645307268553,
      "plr_latency_ms": 77.06396484375
    },
    "blink_rate": {
      "blinks_per_minute_60s": 1.0,
      "blinks_per_minute_30s": 2.0,
      "total_blinks": 1
    }
  }
}