{
  "metadata": {
    "timestamp": "20251206_155146",
    "test_date": "2025-12-06T15:51:46.594427",
    "monitor_width": 1512,
    "monitor_height": 982,
    "tests_run": [
      "saccade",
      "smooth_pursuit",
      "fixed_point",
      "plr"
    ],
    "test_order": "saccade \u2192 smooth_pursuit \u2192 fixed_point \u2192 plr"
  },
  "results": {
    "saccade": {
      "normal": {
        "total_saccades": 9,
        "valid_saccades": 9,
        "average_latency_ms": 270.79150390625,
        "std_latency_ms": 138.4235131577461,
        "average_velocity_deg_per_ms": 0.2295179306040126,
        "std_velocity_deg_per_ms": 0.16569778977349373,
        "average_accuracy_percent": 51.2127568504971,
        "std_accuracy_percent": 32.11376907600713
      },
      "antisaccade": {
        "total_trials": 12,
        "error_count": 4,
        "correct_count": 8,
        "error_rate_percent": 33.33333333333333
      }
    },
    "smooth_pursuit": {
      "total_measurements": 404,
      "horizontal_measurements": 404,
      "vertical_measurements": 0,
      "average_gain": 0.3750300915119383,
      "std_gain": 0.9055155002446174,
      "average_gain_horizontal": 0.3750300915119383,
      "average_gain_vertical": 0.0,
      "average_latency_ms": 433.855224609375,
      "std_latency_ms": 0.0,
      "average_latency_horizontal_ms": 433.855224609375,
      "average_latency_vertical_ms": 0.0
    },
    "fixed_point": {
      "total_measurements": 539,
      "average_deviation_degrees": 4.987494597311814,
      "median_deviation_degrees": 1.4019746494229834,
      "rms_deviation_degrees": 9.184387944596438,
      "std_deviation_degrees": 7.712190321733108,
      "max_deviation_degrees": 30.767810303646485,
      "min_deviation_degrees": 0.0
    },
    "plr": {
      "baseline_samples_count": 26,
      "response_samples_count": 66,
      "baseline_diameter_pixels": 86.42987618079552,
      "min_response_diameter_pixels": 83.98002243041992,
      "constriction_amplitude_pixels": 2.4498537503755955,
      "constriction_amplitude_percent": 2.8344987388978193,
      "plr_latency_ms": 1350.80712890625
    },
    "blink_rate": {
      "blinks_per_minute_60s": 1.0,
      "blinks_per_minute_30s": 0.0,
      "total_blinks": 5
    }
  }
}