{
  "metadata": {
    "timestamp": "20251206_170350",
    "test_date": "2025-12-06T17:03:50.883989",
    "monitor_width": 1512,
    "monitor_height": 982,
    "tests_run": [
      "saccade",
      "smooth_pursuit",
      "fixed_point",
      "plr"
    ],
    "test_order": "saccade \u2192 smooth_pursuit \u2192 fixed_point \u2192 plr"
  },
  "results": {
    "saccade": {
      "normal": {
        "total_saccades": 10,
        "valid_saccades": 10,
        "average_latency_ms": 266.6903076171875,
        "std_latency_ms": 98.49533748969513,
        "average_velocity_deg_per_ms": 0.22431135306063693,
        "std_velocity_deg_per_ms": 0.2519207318583553,
        "average_accuracy_percent": 41.727665867060495,
        "std_accuracy_percent": 23.09273343973133
      },
      "antisaccade": {
        "total_trials": 12,
        "error_count": 4,
        "correct_count": 8,
        "error_rate_percent": 33.33333333333333
      }
    },
    "smooth_pursuit": {
      "total_measurements": 412,
      "horizontal_measurements": 412,
      "vertical_measurements": 0,
      "average_gain": 0.36387606254690963,
      "std_gain": 0.781392176036386,
      "average_gain_horizontal": 0.36387606254690963,
      "average_gain_vertical": 0.0,
      "average_latency_ms": 957.653076171875,
      "std_latency_ms": 0.0,
      "average_latency_horizontal_ms": 957.653076171875,
      "average_latency_vertical_ms": 0.0
    },
    "fixed_point": {
      "total_measurements": 546,
      "average_deviation_degrees": 13.373355768074767,
      "median_deviation_degrees": 13.375366879100726,
      "rms_deviation_degrees": 15.810225767537787,
      "std_deviation_degrees": 8.433065535202319,
      "max_deviation_degrees": 30.767810303646485,
      "min_deviation_degrees": 0.45477569916371213
    },
    "plr": {
      "baseline_samples_count": 26,
      "response_samples_count": 68,
      "baseline_diameter_pixels": 87.93729782104492,
      "min_response_diameter_pixels": 89.0955696105957,
      "constriction_amplitude_pixels": -1.1582717895507812,
      "constriction_amplitude_percent": -1.3171564492553542,
      "plr_latency_ms": 40.336181640625
    },
    "blink_rate": {
      "blinks_per_minute_60s": 0.0,
      "blinks_per_minute_30s": 0.0,
      "total_blinks": 0
    }
  }
}