{
  "metadata": {
    "timestamp": "20251206_133854",
    "test_date": "2025-12-06T13:38:54.283260",
    "monitor_width": 1512,
    "monitor_height": 982,
    "tests_run": [
      "saccade",
      "smooth_pursuit",
      "fixed_point",
      "plr"
    ],
    "test_order": "saccade \u2192 smooth_pursuit \u2192 fixed_point \u2192 plr"
  },
  "results": {
    "saccade": {
      "normal": {
        "total_saccades": 7,
        "valid_saccades": 7,
        "average_latency_ms": 121.03208705357143,
        "std_latency_ms": 90.10708212835581,
        "average_velocity_deg_per_ms": 0.0799532008826123,
        "std_velocity_deg_per_ms": 0.04132527522692103,
        "average_accuracy_percent": 99.29836999396886,
        "std_accuracy_percent": 36.618477592739694
      },
      "antisaccade": {
        "total_trials": 12,
        "error_count": 1,
        "correct_count": 11,
        "error_rate_percent": 8.333333333333332
      }
    },
    "smooth_pursuit": {
      "total_measurements": 401,
      "horizontal_measurements": 401,
      "vertical_measurements": 0,
      "average_gain": 0.7314468159960175,
      "std_gain": 0.7102147142194402,
      "average_gain_horizontal": 0.7314468159960175,
      "average_gain_vertical": 0.0,
      "average_latency_ms": 326.51806640625,
      "std_latency_ms": 0.0,
      "average_latency_horizontal_ms": 326.51806640625,
      "average_latency_vertical_ms": 0.0
    },
    "fixed_point": {
      "total_measurements": 532,
      "average_deviation_degrees": 3.6517619469178646,
      "median_deviation_degrees": 3.317784783013295,
      "rms_deviation_degrees": 4.145194500681801,
      "std_deviation_degrees": 1.9614464386073083,
      "max_deviation_degrees": 19.28105806305819,
      "min_deviation_degrees": 0.45477569916371213
    },
    "plr": {
      "baseline_samples_count": 26,
      "response_samples_count": 67,
      "baseline_diameter_pixels": 167.84157180786133,
      "min_response_diameter_pixels": 106.8596076965332,
      "constriction_amplitude_pixels": 60.981964111328125,
      "constriction_amplitude_percent": 36.333051135351596,
      "plr_latency_ms": 369.000732421875
    },
    "blink_rate": {
      "blinks_per_minute_60s": 0.0,
      "blinks_per_minute_30s": 0.0,
      "total_blinks": 0
    }
  }
}