{
  "metadata": {
    "timestamp": "20251130_170603",
    "test_date": "2025-11-30T17:06:03.227895",
    "monitor_width": 1512,
    "monitor_height": 982,
    "tests_run": [
      "saccade",
      "smooth_pursuit",
      "fixed_point",
      "plr"
    ],
    "test_order": "saccade \u2192 smooth_pursuit \u2192 fixed_point \u2192 plr"
  },
  "results": {
    "saccade": {
      "normal": {
        "total_saccades": 12,
        "valid_saccades": 12,
        "average_latency_ms": 243.3424072265625,
        "std_latency_ms": 46.92572441495625,
        "average_velocity_deg_per_ms": 0.2849084154606334,
        "std_velocity_deg_per_ms": 0.17836235447322057,
        "average_accuracy_percent": 63.36946986466153,
        "std_accuracy_percent": 43.14635129364776
      },
      "antisaccade": {
        "total_trials": 12,
        "error_count": 0,
        "correct_count": 12,
        "error_rate_percent": 0.0
      }
    },
    "smooth_pursuit": {
      "total_measurements": 790,
      "horizontal_measurements": 392,
      "vertical_measurements": 398,
      "average_gain": 0.6054044421637014,
      "std_gain": 0.7476269733805997,
      "average_gain_horizontal": 0.8398280560860212,
      "average_gain_vertical": 0.38834554038377567,
      "average_latency_ms": 278.9681575123857,
      "std_latency_ms": 51.15862875093685,
      "average_latency_horizontal_ms": 332.686279296875,
      "average_latency_vertical_ms": 230.2470703125
    },
    "fixed_point": {
      "total_measurements": 527,
      "average_deviation_degrees": 2.0527766865610344,
      "median_deviation_degrees": 1.9848263879774748,
      "rms_deviation_degrees": 2.2105366880342516,
      "std_deviation_degrees": 0.8201099464443409,
      "max_deviation_degrees": 4.313125173216909,
      "min_deviation_degrees": 0.45477569916371213
    },
    "plr": {
      "baseline_samples_count": 27,
      "response_samples_count": 68,
      "baseline_diameter_pixels": 124.26315225873675,
      "min_response_diameter_pixels": 87.62020874023438,
      "constriction_amplitude_pixels": 36.64294351850238,
      "constriction_amplitude_percent": 29.488181212565422,
      "plr_latency_ms": 417.8271484375
    },
    "blink_rate": {
      "blinks_per_minute_60s": 1.0,
      "blinks_per_minute_30s": 0.0,
      "total_blinks": 1
    }
  }
}