{
  "metadata": {
    "timestamp": "20251130_155301",
    "test_date": "2025-11-30T15:53:01.738200",
    "monitor_width": 1512,
    "monitor_height": 982,
    "tests_run": [
      "saccade",
      "smooth_pursuit",
      "fixed_point",
      "plr"
    ],
    "test_order": "saccade \u2192 smooth_pursuit \u2192 fixed_point \u2192 plr"
  },
  "results": {
    "saccade": {
      "normal": {
        "total_saccades": 8,
        "valid_saccades": 8,
        "average_latency_ms": 225.1612548828125,
        "std_latency_ms": 85.28569514334494,
        "average_velocity_deg_per_ms": 0.31146801671922686,
        "std_velocity_deg_per_ms": 0.15367134820808362,
        "average_accuracy_percent": 59.425984375753174,
        "std_accuracy_percent": 19.02126889828365
      },
      "antisaccade": {
        "total_trials": 12,
        "error_count": 3,
        "correct_count": 9,
        "error_rate_percent": 25.0
      }
    },
    "smooth_pursuit": {
      "total_measurements": 788,
      "horizontal_measurements": 395,
      "vertical_measurements": 393,
      "average_gain": 0.4340151388098125,
      "std_gain": 0.7620179144403778,
      "average_gain_horizontal": 0.6671535331766105,
      "average_gain_vertical": 0.1583267713266408,
      "average_latency_ms": 218.3204345703125,
      "std_latency_ms": 3.0885009765625,
      "average_latency_horizontal_ms": 215.23193359375,
      "average_latency_vertical_ms": 221.408935546875
    },
    "fixed_point": {
      "total_measurements": 522,
      "average_deviation_degrees": 1.6067179448070104,
      "median_deviation_degrees": 1.3662006291684905,
      "rms_deviation_degrees": 1.875357556951395,
      "std_deviation_degrees": 0.9671728967717412,
      "max_deviation_degrees": 5.0782303070438575,
      "min_deviation_degrees": 0.0
    },
    "plr": {
      "baseline_samples_count": 26,
      "response_samples_count": 67,
      "baseline_diameter_pixels": 119.99145371573312,
      "min_response_diameter_pixels": 65.27017784118652,
      "constriction_amplitude_pixels": 54.72127587454659,
      "constriction_amplitude_percent": 45.604311123844326,
      "plr_latency_ms": 343.277099609375
    },
    "blink_rate": {
      "blinks_per_minute_60s": 0.0,
      "blinks_per_minute_30s": 0.0,
      "total_blinks": 2
    }
  }
}