{
  "metadata": {
    "timestamp": "20251207_200943",
    "test_date": "2025-12-07T20:09:43.988425",
    "monitor_width": 1512,
    "monitor_height": 982,
    "tests_run": [
      "saccade",
      "smooth_pursuit",
      "fixed_point",
      "plr"
    ],
    "test_order": "saccade \u2192 smooth_pursuit \u2192 fixed_point \u2192 plr"
  },
  "results": {
    "saccade": {
      "normal": {
        "total_saccades": 12,
        "valid_saccades": 12,
        "average_latency_ms": 315.87290445963544,
        "std_latency_ms": 68.19506149236027,
        "average_velocity_deg_per_ms": 0.21232721853901074,
        "std_velocity_deg_per_ms": 0.11362945652868635,
        "average_accuracy_percent": 44.73028500887767,
        "std_accuracy_percent": 29.974281833564124
      },
      "antisaccade": {
        "total_trials": 12,
        "error_count": 1,
        "correct_count": 11,
        "error_rate_percent": 8.333333333333332
      }
    },
    "smooth_pursuit": {
      "total_measurements": 398,
      "horizontal_measurements": 398,
      "vertical_measurements": 0,
      "average_gain": 0.6889832425937434,
      "std_gain": 0.6558503681925494,
      "average_gain_horizontal": 0.6889832425937434,
      "average_gain_vertical": 0.0,
      "average_latency_ms": 331.120849609375,
      "std_latency_ms": 0.0,
      "average_latency_horizontal_ms": 331.120849609375,
      "average_latency_vertical_ms": 0.0
    },
    "fixed_point": {
      "total_measurements": 524,
      "average_deviation_degrees": 0.4699592523944271,
      "median_deviation_degrees": 0.4926718778864129,
      "rms_deviation_degrees": 0.6100525485856286,
      "std_deviation_degrees": 0.3889761086811014,
      "max_deviation_degrees": 1.5686353811694096,
      "min_deviation_degrees": 0.0
    },
    "plr": {
      "baseline_samples_count": 25,
      "response_samples_count": 67,
      "baseline_diameter_pixels": 116.60600525992257,
      "min_response_diameter_pixels": 61.11798095703125,
      "constriction_amplitude_pixels": 55.48802430289132,
      "constriction_amplitude_percent": 47.585906214010855,
      "plr_latency_ms": 345.10498046875
    },
    "blink_rate": {
      "blinks_per_minute_60s": 2.0,
      "blinks_per_minute_30s": 0.0,
      "total_blinks": 5
    }
  }
}