{
  "metadata": {
    "timestamp": "20251204_164050",
    "test_date": "2025-12-04T16:40:50.020728",
    "monitor_width": 1512,
    "monitor_height": 982,
    "tests_run": [
      "saccade",
      "smooth_pursuit",
      "fixed_point",
      "plr"
    ],
    "test_order": "saccade \u2192 smooth_pursuit \u2192 fixed_point \u2192 plr"
  },
  "results": {
    "saccade": {
      "normal": {
        "total_saccades": 5,
        "valid_saccades": 5,
        "average_latency_ms": 183.212841796875,
        "std_latency_ms": 128.11941524572777,
        "average_velocity_deg_per_ms": 0.21629081036960013,
        "std_velocity_deg_per_ms": 0.18119832183520143,
        "average_accuracy_percent": 36.999045829165674,
        "std_accuracy_percent": 17.546451987463687
      },
      "antisaccade": {
        "total_trials": 12,
        "error_count": 1,
        "correct_count": 11,
        "error_rate_percent": 8.333333333333332
      }
    },
    "smooth_pursuit": {
      "total_measurements": 406,
      "horizontal_measurements": 406,
      "vertical_measurements": 0,
      "average_gain": 0.024049653770730088,
      "std_gain": 0.6153686276519238,
      "average_gain_horizontal": 0.024049653770730088,
      "average_gain_vertical": 0.0,
      "average_latency_ms": 457.30908203125,
      "std_latency_ms": 0.0,
      "average_latency_horizontal_ms": 457.30908203125,
      "average_latency_vertical_ms": 0.0
    },
    "fixed_point": {
      "total_measurements": 536,
      "average_deviation_degrees": 23.38151343871597,
      "median_deviation_degrees": 28.24191582088807,
      "rms_deviation_degrees": 25.019596829887313,
      "std_deviation_degrees": 8.904215565969398,
      "max_deviation_degrees": 30.791280231270413,
      "min_deviation_degrees": 0.8345748202759327
    },
    "plr": {
      "baseline_samples_count": 26,
      "response_samples_count": 68,
      "baseline_diameter_pixels": 80.88328061785016,
      "min_response_diameter_pixels": 53.035892486572266,
      "constriction_amplitude_pixels": 27.847388131277896,
      "constriction_amplitude_percent": 34.429103170096006,
      "plr_latency_ms": 798.95703125
    },
    "blink_rate": {
      "blinks_per_minute_60s": 2.0,
      "blinks_per_minute_30s": 2.0,
      "total_blinks": 12
    }
  }
}