{
  "metadata": {
    "timestamp": "20251206_161115",
    "test_date": "2025-12-06T16:11:15.311446",
    "monitor_width": 1512,
    "monitor_height": 982,
    "tests_run": [
      "saccade",
      "smooth_pursuit",
      "fixed_point",
      "plr"
    ],
    "test_order": "saccade \u2192 smooth_pursuit \u2192 fixed_point \u2192 plr"
  },
  "results": {
    "saccade": {
      "normal": {
        "total_saccades": 10,
        "valid_saccades": 10,
        "average_latency_ms": 198.58017578125,
        "std_latency_ms": 75.19085061274217,
        "average_velocity_deg_per_ms": 0.1033862466541492,
        "std_velocity_deg_per_ms": 0.08486445517118552,
        "average_accuracy_percent": 24.689387545569083,
        "std_accuracy_percent": 22.85400821391819
      },
      "antisaccade": {
        "total_trials": 12,
        "error_count": 2,
        "correct_count": 10,
        "error_rate_percent": 16.666666666666664
      }
    },
    "smooth_pursuit": {
      "total_measurements": 397,
      "horizontal_measurements": 397,
      "vertical_measurements": 0,
      "average_gain": 0.09746889019676931,
      "std_gain": 0.7965023709759208,
      "average_gain_horizontal": 0.09746889019676931,
      "average_gain_vertical": 0.0,
      "average_latency_ms": 0.0,
      "std_latency_ms": 0.0,
      "average_latency_horizontal_ms": 0.0,
      "average_latency_vertical_ms": 0.0
    },
    "fixed_point": {
      "total_measurements": 540,
      "average_deviation_degrees": 15.394430303787273,
      "median_deviation_degrees": 16.831807622750333,
      "rms_deviation_degrees": 17.776369877643315,
      "std_deviation_degrees": 8.888804286776747,
      "max_deviation_degrees": 30.791280231270413,
      "min_deviation_degrees": 0.4926718778864129
    },
    "plr": {
      "baseline_samples_count": 26,
      "response_samples_count": 68,
      "baseline_diameter_pixels": 91.13677597045898,
      "min_response_diameter_pixels": 86.37261962890625,
      "constriction_amplitude_pixels": 4.764156341552734,
      "constriction_amplitude_percent": 5.227479566642762,
      "plr_latency_ms": 643.09912109375
    },
    "blink_rate": {
      "blinks_per_minute_60s": 0.0,
      "blinks_per_minute_30s": 0.0,
      "total_blinks": 0
    }
  }
}