{
  "metadata": {
    "timestamp": "20251201_144521",
    "test_date": "2025-12-01T14:45:21.658922",
    "monitor_width": 1512,
    "monitor_height": 982,
    "tests_run": [
      "saccade",
      "smooth_pursuit",
      "fixed_point",
      "plr"
    ],
    "test_order": "saccade \u2192 smooth_pursuit \u2192 fixed_point \u2192 plr"
  },
  "results": {
    "saccade": {
      "normal": {
        "total_saccades": 11,
        "valid_saccades": 11,
        "average_latency_ms": 207.36379172585228,
        "std_latency_ms": 52.84817706948031,
        "average_velocity_deg_per_ms": 0.3226638775902933,
        "std_velocity_deg_per_ms": 0.18005136517254006,
        "average_accuracy_percent": 67.73415984719433,
        "std_accuracy_percent": 36.723332447666124
      },
      "antisaccade": {
        "total_trials": 12,
        "error_count": 1,
        "correct_count": 11,
        "error_rate_percent": 8.333333333333332
      }
    },
    "smooth_pursuit": {
      "total_measurements": 781,
      "horizontal_measurements": 390,
      "vertical_measurements": 391,
      "average_gain": 0.4411842732402385,
      "std_gain": 0.7943695756212739,
      "average_gain_horizontal": 0.7127098455861196,
      "average_gain_vertical": 0.13258694378440292,
      "average_latency_ms": 261.055721330054,
      "std_latency_ms": 28.21269347420905,
      "average_latency_horizontal_ms": 289.618896484375,
      "average_latency_vertical_ms": 233.189208984375
    },
    "fixed_point": {
      "total_measurements": 515,
      "average_deviation_degrees": 1.0174417043361346,
      "median_deviation_degrees": 0.8414287778572314,
      "rms_deviation_degrees": 2.1971428787422047,
      "std_deviation_degrees": 1.9473698179557897,
      "max_deviation_degrees": 30.791280231270413,
      "min_deviation_degrees": 0.0
    },
    "plr": {
      "baseline_samples_count": 26,
      "response_samples_count": 65,
      "baseline_diameter_pixels": 114.04488079364484,
      "min_response_diameter_pixels": 82.17786026000977,
      "constriction_amplitude_pixels": 31.86702053363507,
      "constriction_amplitude_percent": 27.94252605804895,
      "plr_latency_ms": 342.162109375
    },
    "blink_rate": {
      "blinks_per_minute_60s": 0.0,
      "blinks_per_minute_30s": 0.0,
      "total_blinks": 0
    }
  }
}