{
  "metadata": {
    "timestamp": "20251206_141901",
    "test_date": "2025-12-06T14:19:01.428249",
    "monitor_width": 1512,
    "monitor_height": 982,
    "tests_run": [
      "saccade",
      "smooth_pursuit",
      "fixed_point",
      "plr"
    ],
    "test_order": "saccade \u2192 smooth_pursuit \u2192 fixed_point \u2192 plr"
  },
  "results": {
    "saccade": {
      "normal": {
        "total_saccades": 8,
        "valid_saccades": 8,
        "average_latency_ms": 232.06405639648438,
        "std_latency_ms": 149.29969707119105,
        "average_velocity_deg_per_ms": 0.26486464800107157,
        "std_velocity_deg_per_ms": 0.18773225323331658,
        "average_accuracy_percent": 65.6990378665469,
        "std_accuracy_percent": 58.85194804488006
      },
      "antisaccade": {
        "total_trials": 12,
        "error_count": 1,
        "correct_count": 11,
        "error_rate_percent": 8.333333333333332
      }
    },
    "smooth_pursuit": {
      "total_measurements": 401,
      "horizontal_measurements": 401,
      "vertical_measurements": 0,
      "average_gain": 0.20538793313049963,
      "std_gain": 0.6367194700113729,
      "average_gain_horizontal": 0.20538793313049963,
      "average_gain_vertical": 0.0,
      "average_latency_ms": 228.97802734375,
      "std_latency_ms": 0.0,
      "average_latency_horizontal_ms": 228.97802734375,
      "average_latency_vertical_ms": 0.0
    },
    "fixed_point": {
      "total_measurements": 539,
      "average_deviation_degrees": 19.428515196237672,
      "median_deviation_degrees": 26.56791589443332,
      "rms_deviation_degrees": 21.97051371731491,
      "std_deviation_degrees": 10.258473096532667,
      "max_deviation_degrees": 30.806500002191328,
      "min_deviation_degrees": 0.7812547538171886
    },
    "plr": {
      "baseline_samples_count": 26,
      "response_samples_count": 67,
      "baseline_diameter_pixels": 97.99594851902553,
      "min_response_diameter_pixels": 93.74373245239258,
      "constriction_amplitude_pixels": 4.252216066632954,
      "constriction_amplitude_percent": 4.339175374997675,
      "plr_latency_ms": 309.4677734375
    },
    "blink_rate": {
      "blinks_per_minute_60s": 1.0,
      "blinks_per_minute_30s": 0.0,
      "total_blinks": 1
    }
  }
}