{
  "metadata": {
    "timestamp": "20251128_200559",
    "test_date": "2025-11-28T20:05:59.384455",
    "monitor_width": 1512,
    "monitor_height": 982,
    "total_targets": 12,
    "gap_duration_ms": 200
  },
  "results": {
    "total_saccades": 4,
    "valid_saccades": 4,
    "average_latency_ms": 57.54541015625,
    "average_velocity_deg_per_ms": 0.2704290905369645,
    "average_accuracy_percent": 24.543017028049675,
    "std_latency_ms": 19.041510029798232,
    "std_velocity_deg_per_ms": 0.10938372097321758,
    "std_accuracy_percent": 33.15339817552564
  },
  "raw_data": [
    {
      "target_index": 2,
      "target_angle_degrees": -13.224539790253061,
      "target_x": 401,
      "target_y": 491,
      "saccade_latency_ms": 41.453125,
      "peak_velocity_deg_per_ms": 0.3701262413665663,
      "peak_velocity_deg_per_s": 370.1262413665663,
      "accuracy_percent": 8.02329828287991
    },
    {
      "target_index": 4,
      "target_angle_degrees": 11.331150127486406,
      "target_x": 1058,
      "target_y": 491,
      "saccade_latency_ms": 35.772216796875,
      "peak_velocity_deg_per_ms": 0.3470929934941243,
      "peak_velocity_deg_per_s": 347.0929934941243,
      "accuracy_percent": 81.88942904302665
    },
    {
      "target_index": 7,
      "target_angle_degrees": 11.271471969148326,
      "target_x": 1057,
      "target_y": 491,
      "saccade_latency_ms": 76.0390625,
      "peak_velocity_deg_per_ms": 0.2730524928240799,
      "peak_velocity_deg_per_s": 273.0524928240799,
      "accuracy_percent": 5.043377746546825
    },
    {
      "target_index": 9,
      "target_angle_degrees": 16.497939155103673,
      "target_x": 1203,
      "target_y": 491,
      "saccade_latency_ms": 76.917236328125,
      "peak_velocity_deg_per_ms": 0.09144463446308737,
      "peak_velocity_deg_per_s": 91.44463446308737,
      "accuracy_percent": 3.2159630397453123
    }
  ]
}